{
	"CHUNKSIZE" : 
	[
		9,
		5
	],
	"NAME" : "mess2",
	"OBJ" : 
	[
		"49594",
		"50132",
		"79633",
		"90629",
		"7298",
		"80754",
		"7144",
		"32271",
		"95729",
		"1869",
		"44219",
		"80154",
		"59114",
		"77118",
		"11129",
		"11129Target",
		"64383",
		"64383Target",
		"20291",
		"8994",
		"12406",
		"123",
		"40252",
		"26176",
		"26176Target",
		"44833",
		"44833Target",
		"43189",
		"43189Target",
		"32709",
		"32709Target",
		"12644",
		"12644Target",
		"25342",
		"25342Target",
		"54894",
		"54894Target",
		"69082",
		"59942",
		"21307",
		"48042",
		"17652",
		"48600",
		"22307",
		"72932",
		"83935",
		"56023",
		"8361",
		"92777",
		"32674",
		"53672",
		"1374",
		"68871",
		"19739",
		"19921",
		"35931",
		"60191",
		"92835",
		"47256",
		"42890",
		"17305",
		"43619",
		"89147",
		"64806",
		"867",
		"63792",
		"53883",
		"74437",
		"43851",
		"79862",
		"63679",
		"32332",
		"41081",
		"95554",
		"70746",
		"4918",
		"60969",
		"70719",
		"1889",
		"55148",
		"67373"
	],
	"ROOM" : 
	[
		{
			"LEFT" : "32271",
			"NAME" : "4floor0to1",
			"POSITION" : 
			[
				0.0,
				2160.0
			],
			"RIGHT" : "7144",
			"SIZE" : 
			[
				1920.0,
				540.0
			]
		},
		{
			"LEFT" : "7144",
			"NAME" : "4floor2to4",
			"POSITION" : 
			[
				1920.0,
				2160.0
			],
			"RIGHT" : "49594",
			"SIZE" : 
			[
				2880.0,
				540.0
			]
		},
		{
			"LEFT" : "59114",
			"NAME" : "3floor5to6",
			"POSITION" : 
			[
				4800.0,
				1620.0
			],
			"RIGHT" : "79633",
			"SIZE" : 
			[
				1920.0,
				540.0
			]
		},
		{
			"LEFT" : "95729",
			"NAME" : "2floor0to2",
			"POSITION" : 
			[
				0.0,
				1080.0
			],
			"RIGHT" : "123",
			"SIZE" : 
			[
				2880.0,
				540.0
			]
		},
		{
			"LEFT" : "123",
			"NAME" : "2floor3to4",
			"POSITION" : 
			[
				2880.0,
				1080.0
			],
			"RIGHT" : "50132",
			"SIZE" : 
			[
				1920.0,
				540.0
			]
		},
		{
			"LEFT" : "50132",
			"NAME" : "2floor5to6",
			"POSITION" : 
			[
				4800.0,
				1080.0
			],
			"RIGHT" : "40252",
			"SIZE" : 
			[
				1920.0,
				540.0
			]
		},
		{
			"LEFT" : "40252",
			"NAME" : "2floor7to8",
			"POSITION" : 
			[
				6720.0,
				1080.0
			],
			"RIGHT" : "90629",
			"SIZE" : 
			[
				1920.0,
				540.0
			]
		},
		{
			"LEFT" : "1869",
			"NAME" : "1floor0to6",
			"POSITION" : 
			[
				0.0,
				540.0
			],
			"RIGHT" : "80754",
			"SIZE" : 
			[
				6720.0,
				540.0
			]
		},
		{
			"LEFT" : "44219",
			"NAME" : "0floor0to4",
			"POSITION" : 
			[
				0.0,
				0.0
			],
			"RIGHT" : "55148",
			"SIZE" : 
			[
				4800.0,
				540.0
			]
		},
		{
			"LEFT" : "55148",
			"NAME" : "0floor5to8",
			"POSITION" : 
			[
				4800.0,
				0.0
			],
			"RIGHT" : "7298",
			"SIZE" : 
			[
				3840.0,
				540.0
			]
		},
		{
			"LEFT" : "77118",
			"NAME" : "3floor0to2",
			"POSITION" : 
			[
				0.0,
				1620.0
			],
			"RIGHT" : "8994",
			"SIZE" : 
			[
				2880.0,
				540.0
			]
		},
		{
			"LEFT" : "8994",
			"NAME" : "3floor3to4",
			"POSITION" : 
			[
				2880.0,
				1620.0
			],
			"RIGHT" : "59114",
			"SIZE" : 
			[
				1920.0,
				540.0
			]
		}
	],
	"SKILL" : 
	[
		false,
		false,
		false,
		false,
		false,
		false,
		false,
		true,
		false,
		false,
		false,
		true
	]
}