{
	"CHUNKSIZE" : 
	[
		5,
		3
	],
	"NAME" : "Find the Outside1",
	"OBJ" : 
	[
		"26531",
		"88855",
		"21886",
		"76238",
		"61034",
		"57845",
		"13866",
		"84291",
		"56028",
		"64317",
		"64317Target",
		"6273",
		"6273Target",
		"2205",
		"62752",
		"43548",
		"55056",
		"55056Target",
		"88160",
		"31",
		"51994",
		"4710",
		"4710Target",
		"19401",
		"12",
		"14853",
		"133",
		"84028",
		"53880",
		"55100",
		"82312",
		"82312Target",
		"84514",
		"84514Target",
		"29162",
		"29162Target",
		"19025",
		"78773",
		"31921",
		"41",
		"67212",
		"94559",
		"11980",
		"60203",
		"64706",
		"53576",
		"46633"
	],
	"ROOM" : 
	[
		{
			"LEFT" : "76238",
			"NAME" : "0floor0to1",
			"POSITION" : 
			[
				0.0,
				0.0
			],
			"RIGHT" : "12",
			"SIZE" : 
			[
				1920.0,
				540.0
			]
		},
		{
			"LEFT" : "21886",
			"NAME" : "1floor0to0",
			"POSITION" : 
			[
				0.0,
				540.0
			],
			"RIGHT" : "53576",
			"SIZE" : 
			[
				960.0,
				540.0
			]
		},
		{
			"LEFT" : "53576",
			"NAME" : "1floor1to2",
			"POSITION" : 
			[
				960.0,
				540.0
			],
			"RIGHT" : "31",
			"SIZE" : 
			[
				1920.0,
				540.0
			]
		},
		{
			"LEFT" : "31",
			"NAME" : "1floor3to4",
			"POSITION" : 
			[
				2880.0,
				540.0
			],
			"RIGHT" : "57845",
			"SIZE" : 
			[
				1920.0,
				540.0
			]
		},
		{
			"LEFT" : "26531",
			"NAME" : "2floor4to4",
			"POSITION" : 
			[
				3840.0,
				1080.0
			],
			"RIGHT" : "61034",
			"SIZE" : 
			[
				960.0,
				540.0
			]
		},
		{
			"LEFT" : "88160",
			"NAME" : "2floor2to3",
			"POSITION" : 
			[
				1920.0,
				1080.0
			],
			"RIGHT" : "26531",
			"SIZE" : 
			[
				1920.0,
				540.0
			]
		},
		{
			"LEFT" : "88855",
			"NAME" : "2floor0to1",
			"POSITION" : 
			[
				0.0,
				1080.0
			],
			"RIGHT" : "88160",
			"SIZE" : 
			[
				1920.0,
				540.0
			]
		},
		{
			"LEFT" : "12",
			"NAME" : "0floor2to2",
			"POSITION" : 
			[
				1920.0,
				0.0
			],
			"RIGHT" : "133",
			"SIZE" : 
			[
				960.0,
				540.0
			]
		},
		{
			"LEFT" : "",
			"NAME" : "0floor3to3",
			"POSITION" : 
			[
				2880.0,
				0.0
			],
			"RIGHT" : "41",
			"SIZE" : 
			[
				960.0,
				540.0
			]
		},
		{
			"LEFT" : "41",
			"NAME" : "0floor4to4",
			"POSITION" : 
			[
				3840.0,
				0.0
			],
			"RIGHT" : "",
			"SIZE" : 
			[
				960.0,
				540.0
			]
		}
	],
	"SKILL" : 
	[
		false,
		false,
		false,
		false,
		false,
		false,
		false,
		false,
		true,
		false,
		false,
		false
	]
}