{
	"CHUNKSIZE" : 
	[
		4,
		4
	],
	"NAME" : "SearchAndDisguise1",
	"OBJ" : 
	[
		"98868",
		"64935",
		"18163",
		"27347",
		"78419",
		"9071",
		"75848",
		"59748",
		"20813",
		"20813Target",
		"49723",
		"92620",
		"23765",
		"77089",
		"50419",
		"D13",
		"42441",
		"54349",
		"51331",
		"53334",
		"16757",
		"16757Target",
		"D13Key",
		"54774",
		"87618",
		"75962",
		"25155",
		"39033",
		"33864",
		"93917",
		"40508",
		"40508Target",
		"69204",
		"81379",
		"19935",
		"84235"
	],
	"ROOM" : 
	[
		{
			"LEFT" : "27347",
			"NAME" : "0floor0to0",
			"POSITION" : 
			[
				0.0,
				0.0
			],
			"RIGHT" : "64935",
			"SIZE" : 
			[
				960.0,
				540.0
			]
		},
		{
			"LEFT" : "64935",
			"NAME" : "0floor1to1",
			"POSITION" : 
			[
				960.0,
				0.0
			],
			"RIGHT" : "18163",
			"SIZE" : 
			[
				960.0,
				540.0
			]
		},
		{
			"LEFT" : "18163",
			"NAME" : "0floor2to2",
			"POSITION" : 
			[
				1920.0,
				0.0
			],
			"RIGHT" : "54349",
			"SIZE" : 
			[
				960.0,
				540.0
			]
		},
		{
			"LEFT" : "78419",
			"NAME" : "1floor0to2",
			"POSITION" : 
			[
				0.0,
				540.0
			],
			"RIGHT" : "51331",
			"SIZE" : 
			[
				2880.0,
				540.0
			]
		},
		{
			"LEFT" : "9071",
			"NAME" : "2floor0to0",
			"POSITION" : 
			[
				0.0,
				1080.0
			],
			"RIGHT" : "D13",
			"SIZE" : 
			[
				960.0,
				540.0
			]
		},
		{
			"LEFT" : "54349",
			"NAME" : "0floor3to3",
			"POSITION" : 
			[
				2880.0,
				0.0
			],
			"RIGHT" : "49723",
			"SIZE" : 
			[
				960.0,
				540.0
			]
		},
		{
			"LEFT" : "51331",
			"NAME" : "1floor3to3",
			"POSITION" : 
			[
				2880.0,
				540.0
			],
			"RIGHT" : "92620",
			"SIZE" : 
			[
				960.0,
				540.0
			]
		},
		{
			"LEFT" : "54774",
			"NAME" : "2floor3to3",
			"POSITION" : 
			[
				2880.0,
				1080.0
			],
			"RIGHT" : "23765",
			"SIZE" : 
			[
				960.0,
				540.0
			]
		},
		{
			"LEFT" : "50419",
			"NAME" : "3floor0to1",
			"POSITION" : 
			[
				0.0,
				1620.0
			],
			"RIGHT" : "87618",
			"SIZE" : 
			[
				1920.0,
				540.0
			]
		},
		{
			"LEFT" : "D13",
			"NAME" : "2floor1to2",
			"POSITION" : 
			[
				960.0,
				1080.0
			],
			"RIGHT" : "54774",
			"SIZE" : 
			[
				1920.0,
				540.0
			]
		},
		{
			"LEFT" : "87618",
			"NAME" : "3floor2to3",
			"POSITION" : 
			[
				1920.0,
				1620.0
			],
			"RIGHT" : "77089",
			"SIZE" : 
			[
				1920.0,
				540.0
			]
		}
	],
	"SKILL" : 
	[
		true,
		true,
		false,
		false,
		false,
		false,
		false,
		false,
		false,
		false,
		false,
		false
	]
}