{
	"CHUNKSIZE" : 
	[
		8,
		3
	],
	"NAME" : "Wait",
	"OBJ" : 
	[
		"84273",
		"54061",
		"93500",
		"39637",
		"49525",
		"69696",
		"3191",
		"27341",
		"27341Target",
		"30492",
		"95885",
		"59178",
		"67745",
		"67745Target",
		"95277",
		"95277Target",
		"97476",
		"97476Target",
		"43049",
		"43049Target",
		"39869",
		"39869Target",
		"38123",
		"38123Target",
		"50870",
		"50870Target",
		"61305",
		"61305Target",
		"52399",
		"67930",
		"3631",
		"19053",
		"61627",
		"13884",
		"36663"
	],
	"ROOM" : 
	[
		{
			"LEFT" : "95885",
			"NAME" : "0floor1to7",
			"POSITION" : 
			[
				960.0,
				0.0
			],
			"RIGHT" : "39637",
			"SIZE" : 
			[
				6720.0,
				540.0
			]
		},
		{
			"LEFT" : "30492",
			"NAME" : "1floor1to7",
			"POSITION" : 
			[
				960.0,
				540.0
			],
			"RIGHT" : "93500",
			"SIZE" : 
			[
				6720.0,
				540.0
			]
		},
		{
			"LEFT" : "84273",
			"NAME" : "1floor0to0",
			"POSITION" : 
			[
				0.0,
				540.0
			],
			"RIGHT" : "30492",
			"SIZE" : 
			[
				960.0,
				540.0
			]
		},
		{
			"LEFT" : "54061",
			"NAME" : "0floor0to0",
			"POSITION" : 
			[
				0.0,
				0.0
			],
			"RIGHT" : "95885",
			"SIZE" : 
			[
				960.0,
				540.0
			]
		},
		{
			"LEFT" : "49525",
			"NAME" : "2floor6to7",
			"POSITION" : 
			[
				5760.0,
				1080.0
			],
			"RIGHT" : "69696",
			"SIZE" : 
			[
				1920.0,
				540.0
			]
		}
	],
	"SKILL" : 
	[
		false,
		false,
		false,
		false,
		false,
		true,
		false,
		false,
		true,
		false,
		false,
		false
	]
}