{ "frames": {
   "0": {
    "frame": { "x": 0, "y": 0, "w": 50, "h": 50 },
    "rotated": false,
    "trimmed": false,
    "spriteSourceSize": { "x": 0, "y": 0, "w": 50, "h": 50 },
    "sourceSize": { "w": 50, "h": 50 },
    "duration": 50
   },
   "1": {
    "frame": { "x": 50, "y": 0, "w": 50, "h": 50 },
    "rotated": false,
    "trimmed": false,
    "spriteSourceSize": { "x": 0, "y": 0, "w": 50, "h": 50 },
    "sourceSize": { "w": 50, "h": 50 },
    "duration": 50
   },
   "2": {
    "frame": { "x": 100, "y": 0, "w": 50, "h": 50 },
    "rotated": false,
    "trimmed": false,
    "spriteSourceSize": { "x": 0, "y": 0, "w": 50, "h": 50 },
    "sourceSize": { "w": 50, "h": 50 },
    "duration": 50
   },
   "3": {
    "frame": { "x": 150, "y": 0, "w": 50, "h": 50 },
    "rotated": false,
    "trimmed": false,
    "spriteSourceSize": { "x": 0, "y": 0, "w": 50, "h": 50 },
    "sourceSize": { "w": 50, "h": 50 },
    "duration": 50
   },
   "4": {
    "frame": { "x": 200, "y": 0, "w": 50, "h": 50 },
    "rotated": false,
    "trimmed": false,
    "spriteSourceSize": { "x": 0, "y": 0, "w": 50, "h": 50 },
    "sourceSize": { "w": 50, "h": 50 },
    "duration": 100
   },
   "5": {
    "frame": { "x": 250, "y": 0, "w": 50, "h": 50 },
    "rotated": false,
    "trimmed": false,
    "spriteSourceSize": { "x": 0, "y": 0, "w": 50, "h": 50 },
    "sourceSize": { "w": 50, "h": 50 },
    "duration": 100
   },
   "6": {
    "frame": { "x": 300, "y": 0, "w": 50, "h": 50 },
    "rotated": false,
    "trimmed": false,
    "spriteSourceSize": { "x": 0, "y": 0, "w": 50, "h": 50 },
    "sourceSize": { "w": 50, "h": 50 },
    "duration": 100
   },
   "7": {
    "frame": { "x": 350, "y": 0, "w": 50, "h": 50 },
    "rotated": false,
    "trimmed": false,
    "spriteSourceSize": { "x": 0, "y": 0, "w": 50, "h": 50 },
    "sourceSize": { "w": 50, "h": 50 },
    "duration": 100
   },
   "8": {
    "frame": { "x": 400, "y": 0, "w": 50, "h": 50 },
    "rotated": false,
    "trimmed": false,
    "spriteSourceSize": { "x": 0, "y": 0, "w": 50, "h": 50 },
    "sourceSize": { "w": 50, "h": 50 },
    "duration": 100
   },
   "9": {
    "frame": { "x": 450, "y": 0, "w": 50, "h": 50 },
    "rotated": false,
    "trimmed": false,
    "spriteSourceSize": { "x": 0, "y": 0, "w": 50, "h": 50 },
    "sourceSize": { "w": 50, "h": 50 },
    "duration": 100
   },
   "10": {
    "frame": { "x": 500, "y": 0, "w": 50, "h": 50 },
    "rotated": false,
    "trimmed": false,
    "spriteSourceSize": { "x": 0, "y": 0, "w": 50, "h": 50 },
    "sourceSize": { "w": 50, "h": 50 },
    "duration": 100
   },
   "11": {
    "frame": { "x": 550, "y": 0, "w": 50, "h": 50 },
    "rotated": false,
    "trimmed": false,
    "spriteSourceSize": { "x": 0, "y": 0, "w": 50, "h": 50 },
    "sourceSize": { "w": 50, "h": 50 },
    "duration": 50
   },
   "12": {
    "frame": { "x": 600, "y": 0, "w": 50, "h": 50 },
    "rotated": false,
    "trimmed": false,
    "spriteSourceSize": { "x": 0, "y": 0, "w": 50, "h": 50 },
    "sourceSize": { "w": 50, "h": 50 },
    "duration": 50
   },
   "13": {
    "frame": { "x": 650, "y": 0, "w": 50, "h": 50 },
    "rotated": false,
    "trimmed": false,
    "spriteSourceSize": { "x": 0, "y": 0, "w": 50, "h": 50 },
    "sourceSize": { "w": 50, "h": 50 },
    "duration": 50
   },
   "14": {
    "frame": { "x": 700, "y": 0, "w": 50, "h": 50 },
    "rotated": false,
    "trimmed": false,
    "spriteSourceSize": { "x": 0, "y": 0, "w": 50, "h": 50 },
    "sourceSize": { "w": 50, "h": 50 },
    "duration": 50
   }
 },
"meta": {
    "image": "drone.png",
    "framecount": 15
   },
 "anim": [
   {
      "loop": {"looping": true, "loopnum": 0},
      "end": false,
      "start": 11,
      "finish": 14
   },
   {
      "loop": {"looping": true, "loopnum": 0},
      "end": false,
      "start": 0,
      "finish": 3
   },
   {
      "loop": {"looping": false, "loopnum": 0},
      "end": true,
      "start": 4,
      "finish": 10
   },
   {
      "loop": {"looping": true, "loopnum": 0},
      "end": true,
      "start": 10,
      "finish": 10
   }
 ]
}
