{
	"CHUNKSIZE" : 
	[
		5,
		5
	],
	"NAME" : "SearchAndDisguise2",
	"OBJ" : 
	[
		"16539",
		"D31",
		"72218",
		"98630",
		"54397",
		"29368",
		"38040",
		"37496",
		"96007",
		"48823",
		"94088",
		"48649",
		"34231",
		"13602",
		"79709",
		"4626",
		"54575",
		"26710",
		"88083",
		"66569",
		"78305",
		"58059",
		"58059Target",
		"81836",
		"97605",
		"49749",
		"39977",
		"27135",
		"76286",
		"91132",
		"91132Target",
		"30286",
		"42932",
		"2706",
		"53319",
		"53319Target",
		"21328",
		"54305",
		"7117",
		"7517",
		"75204",
		"1472",
		"3088",
		"63366",
		"63366Target",
		"15055",
		"15055Target",
		"46017",
		"46807",
		"6450"
	],
	"ROOM" : 
	[
		{
			"LEFT" : "D31",
			"NAME" : "0floor2to2",
			"POSITION" : 
			[
				1920.0,
				0.0
			],
			"RIGHT" : "72218",
			"SIZE" : 
			[
				960.0,
				540.0
			]
		},
		{
			"LEFT" : "72218",
			"NAME" : "0floor3to4",
			"POSITION" : 
			[
				2880.0,
				0.0
			],
			"RIGHT" : "98630",
			"SIZE" : 
			[
				1920.0,
				540.0
			]
		},
		{
			"LEFT" : "54397",
			"NAME" : "0floor0to1",
			"POSITION" : 
			[
				0.0,
				0.0
			],
			"RIGHT" : "D31",
			"SIZE" : 
			[
				1920.0,
				540.0
			]
		},
		{
			"LEFT" : "37496",
			"NAME" : "1floor3to4",
			"POSITION" : 
			[
				2880.0,
				540.0
			],
			"RIGHT" : "26710",
			"SIZE" : 
			[
				1920.0,
				540.0
			]
		},
		{
			"LEFT" : "79709",
			"NAME" : "2floor0to1",
			"POSITION" : 
			[
				0.0,
				1080.0
			],
			"RIGHT" : "13602",
			"SIZE" : 
			[
				1920.0,
				540.0
			]
		},
		{
			"LEFT" : "4626",
			"NAME" : "3floor0to1",
			"POSITION" : 
			[
				0.0,
				1620.0
			],
			"RIGHT" : "34231",
			"SIZE" : 
			[
				1920.0,
				540.0
			]
		},
		{
			"LEFT" : "54575",
			"NAME" : "4floor0to1",
			"POSITION" : 
			[
				0.0,
				2160.0
			],
			"RIGHT" : "48649",
			"SIZE" : 
			[
				1920.0,
				540.0
			]
		},
		{
			"LEFT" : "94088",
			"NAME" : "4floor3to4",
			"POSITION" : 
			[
				2880.0,
				2160.0
			],
			"RIGHT" : "78305",
			"SIZE" : 
			[
				1920.0,
				540.0
			]
		},
		{
			"LEFT" : "48823",
			"NAME" : "3floor3to4",
			"POSITION" : 
			[
				2880.0,
				1620.0
			],
			"RIGHT" : "66569",
			"SIZE" : 
			[
				1920.0,
				540.0
			]
		},
		{
			"LEFT" : "96007",
			"NAME" : "2floor3to4",
			"POSITION" : 
			[
				2880.0,
				1080.0
			],
			"RIGHT" : "88083",
			"SIZE" : 
			[
				1920.0,
				540.0
			]
		},
		{
			"LEFT" : "1472",
			"NAME" : "1floor2to2",
			"POSITION" : 
			[
				1920.0,
				540.0
			],
			"RIGHT" : "37496",
			"SIZE" : 
			[
				960.0,
				540.0
			]
		},
		{
			"LEFT" : "13602",
			"NAME" : "2floor2to2",
			"POSITION" : 
			[
				1920.0,
				1080.0
			],
			"RIGHT" : "96007",
			"SIZE" : 
			[
				960.0,
				540.0
			]
		},
		{
			"LEFT" : "34231",
			"NAME" : "3floor2to2",
			"POSITION" : 
			[
				1920.0,
				1620.0
			],
			"RIGHT" : "48823",
			"SIZE" : 
			[
				960.0,
				540.0
			]
		},
		{
			"LEFT" : "48649",
			"NAME" : "4floor2to2",
			"POSITION" : 
			[
				1920.0,
				2160.0
			],
			"RIGHT" : "94088",
			"SIZE" : 
			[
				960.0,
				540.0
			]
		},
		{
			"LEFT" : "3088",
			"NAME" : "1floor1to1",
			"POSITION" : 
			[
				960.0,
				540.0
			],
			"RIGHT" : "1472",
			"SIZE" : 
			[
				960.0,
				540.0
			]
		},
		{
			"LEFT" : "75204",
			"NAME" : "1floor0to0",
			"POSITION" : 
			[
				0.0,
				540.0
			],
			"RIGHT" : "3088",
			"SIZE" : 
			[
				960.0,
				540.0
			]
		}
	],
	"SKILL" : 
	[
		true,
		true,
		false,
		false,
		false,
		false,
		false,
		false,
		false,
		false,
		false,
		false
	]
}