{
	"CHUNKSIZE" : 
	[
		3,
		3
	],
	"NAME" : "DroneTuto",
	"OBJ" : 
	[
		"5478",
		"13196",
		"6438",
		"79049",
		"4340",
		"85604",
		"85604Target",
		"50991",
		"23878",
		"38245",
		"22231",
		"48111",
		"25319",
		"33487",
		"35398",
		"87469",
		"87469Target",
		"77500",
		"66111",
		"21009",
		"74986",
		"29552"
	],
	"ROOM" : 
	[
		{
			"LEFT" : "79049",
			"NAME" : "0floor0to0",
			"POSITION" : 
			[
				0.0,
				0.0
			],
			"RIGHT" : "21009",
			"SIZE" : 
			[
				960.0,
				540.0
			]
		},
		{
			"LEFT" : "6438",
			"NAME" : "1floor0to2",
			"POSITION" : 
			[
				0.0,
				540.0
			],
			"RIGHT" : "13196",
			"SIZE" : 
			[
				2880.0,
				540.0
			]
		},
		{
			"LEFT" : "4340",
			"NAME" : "2floor0to0",
			"POSITION" : 
			[
				0.0,
				1080.0
			],
			"RIGHT" : "74986",
			"SIZE" : 
			[
				960.0,
				540.0
			]
		},
		{
			"LEFT" : "21009",
			"NAME" : "0floor1to1",
			"POSITION" : 
			[
				960.0,
				0.0
			],
			"RIGHT" : "50991",
			"SIZE" : 
			[
				960.0,
				540.0
			]
		},
		{
			"LEFT" : "50991",
			"NAME" : "0floor2to2",
			"POSITION" : 
			[
				1920.0,
				0.0
			],
			"RIGHT" : "66111",
			"SIZE" : 
			[
				960.0,
				540.0
			]
		},
		{
			"LEFT" : "23878",
			"NAME" : "2floor2to2",
			"POSITION" : 
			[
				1920.0,
				1080.0
			],
			"RIGHT" : "77500",
			"SIZE" : 
			[
				960.0,
				540.0
			]
		},
		{
			"LEFT" : "74986",
			"NAME" : "2floor1to1",
			"POSITION" : 
			[
				960.0,
				1080.0
			],
			"RIGHT" : "23878",
			"SIZE" : 
			[
				960.0,
				540.0
			]
		}
	],
	"SKILL" : 
	[
		true,
		true,
		false,
		false,
		false,
		false,
		false,
		false,
		false,
		false,
		false,
		false
	]
}