{
	"CHUNKSIZE" : 
	[
		10,
		3
	],
	"NAME" : "mess",
	"OBJ" : 
	[
		"12968",
		"18393",
		"22915",
		"43458",
		"62303",
		"46621",
		"84900",
		"34104",
		"85555",
		"95672",
		"41095",
		"47394",
		"59025",
		"59010",
		"89501",
		"56283",
		"56283Target",
		"74234",
		"74234Target",
		"46523",
		"46523Target",
		"94512",
		"94512Target",
		"46425",
		"46425Target",
		"35483",
		"40110",
		"10619",
		"63718",
		"84569",
		"61872",
		"8151",
		"94758",
		"54172",
		"95048",
		"25578",
		"76358",
		"96608",
		"6452",
		"51636",
		"94843",
		"79473",
		"67508",
		"84927",
		"83906",
		"30480"
	],
	"ROOM" : 
	[
		{
			"LEFT" : "43458",
			"NAME" : "0floor0to0",
			"POSITION" : 
			[
				0.0,
				0.0
			],
			"RIGHT" : "84900",
			"SIZE" : 
			[
				960.0,
				540.0
			]
		},
		{
			"LEFT" : "84900",
			"NAME" : "0floor1to4",
			"POSITION" : 
			[
				960.0,
				0.0
			],
			"RIGHT" : "41095",
			"SIZE" : 
			[
				3840.0,
				540.0
			]
		},
		{
			"LEFT" : "62303",
			"NAME" : "1floor0to4",
			"POSITION" : 
			[
				0.0,
				540.0
			],
			"RIGHT" : "95672",
			"SIZE" : 
			[
				4800.0,
				540.0
			]
		},
		{
			"LEFT" : "46621",
			"NAME" : "2floor0to1",
			"POSITION" : 
			[
				0.0,
				1080.0
			],
			"RIGHT" : "34104",
			"SIZE" : 
			[
				1920.0,
				540.0
			]
		},
		{
			"LEFT" : "34104",
			"NAME" : "2floor2to4",
			"POSITION" : 
			[
				1920.0,
				1080.0
			],
			"RIGHT" : "85555",
			"SIZE" : 
			[
				2880.0,
				540.0
			]
		},
		{
			"LEFT" : "41095",
			"NAME" : "0floor5to9",
			"POSITION" : 
			[
				4800.0,
				0.0
			],
			"RIGHT" : "12968",
			"SIZE" : 
			[
				4800.0,
				540.0
			]
		},
		{
			"LEFT" : "95672",
			"NAME" : "1floor5to9",
			"POSITION" : 
			[
				4800.0,
				540.0
			],
			"RIGHT" : "18393",
			"SIZE" : 
			[
				4800.0,
				540.0
			]
		},
		{
			"LEFT" : "85555",
			"NAME" : "2floor5to7",
			"POSITION" : 
			[
				4800.0,
				1080.0
			],
			"RIGHT" : "47394",
			"SIZE" : 
			[
				2880.0,
				540.0
			]
		},
		{
			"LEFT" : "47394",
			"NAME" : "2floor8to9",
			"POSITION" : 
			[
				7680.0,
				1080.0
			],
			"RIGHT" : "22915",
			"SIZE" : 
			[
				1920.0,
				540.0
			]
		}
	],
	"SKILL" : 
	[
		false,
		false,
		false,
		false,
		false,
		false,
		false,
		true,
		false,
		false,
		false,
		true
	]
}