{
	"CHUNKSIZE": [
		5,
		5
	],
	"NAME": "Where am I2",
	"OBJ": [
		"83080",
		"3816",
		"82754",
		"1016",
		"1016Target",
		"86688",
		"28821",
		"90753",
		"79563",
		"65744",
		"1971",
		"84740",
		"12207",
		"44232",
		"75411",
		"18650",
		"18650Target",
		"39015",
		"29978",
		"61980",
		"77686",
		"52990",
		"58819",
		"48863",
		"48863Target",
		"78329",
		"37547",
		"69834",
		"90350",
		"46171",
		"17928",
		"55223",
		"69429",
		"32924",
		"56901",
		"70620",
		"70620Target",
		"98698",
		"24127",
		"62813",
		"65109",
		"80841",
		"64147",
		"31949",
		"76820",
		"47552",
		"40452",
		"9583",
		"D33Key",
		"40813"
	],
	"ROOM": [
		{
			"LEFT": "84740",
			"NAME": "0floor0to0",
			"POSITION": [
				0.0,
				0.0
			],
			"RIGHT": "3816",
			"SIZE": [
				960.0,
				540.0
			]
		},
		{
			"LEFT": "3816",
			"NAME": "0floor1to3",
			"POSITION": [
				960.0,
				0.0
			],
			"RIGHT": "82754",
			"SIZE": [
				2880.0,
				540.0
			]
		},
		{
			"LEFT": "82754",
			"NAME": "0floor4to4",
			"POSITION": [
				3840.0,
				0.0
			],
			"RIGHT": "44232",
			"SIZE": [
				960.0,
				540.0
			]
		},
		{
			"LEFT": "75411",
			"NAME": "1floor2to4",
			"POSITION": [
				1920.0,
				540.0
			],
			"RIGHT": "12207",
			"SIZE": [
				2880.0,
				540.0
			]
		},
		{
			"LEFT": "61980",
			"NAME": "2floor2to3",
			"POSITION": [
				1920.0,
				1080.0
			],
			"RIGHT": "77686",
			"SIZE": [
				1920.0,
				540.0
			]
		},
		{
			"LEFT": "29978",
			"NAME": "1floor0to1",
			"POSITION": [
				0.0,
				540.0
			],
			"RIGHT": "",
			"SIZE": [
				1920.0,
				540.0
			]
		},
		{
			"LEFT": "17928",
			"NAME": "2floor0to1",
			"POSITION": [
				0.0,
				1080.0
			],
			"RIGHT": "",
			"SIZE": [
				1920.0,
				540.0
			]
		},
		{
			"LEFT": "69526",
			"NAME": "3floor0to2",
			"POSITION": [
				0.0,
				1620.0
			],
			"RIGHT": "55223",
			"SIZE": [
				2880.0,
				540.0
			]
		},
		{
			"LEFT": "",
			"NAME": "3floor3to4",
			"POSITION": [
				2880.0,
				1620.0
			],
			"RIGHT": "69429",
			"SIZE": [
				1920.0,
				540.0
			]
		},
		{
			"LEFT": "62813",
			"NAME": "4floor4to4",
			"POSITION": [
				3840.0,
				2160.0
			],
			"RIGHT": "24127",
			"SIZE": [
				960.0,
				540.0
			]
		},
		{
			"LEFT": "80841",
			"NAME": "4floor1to3",
			"POSITION": [
				960.0,
				2160.0
			],
			"RIGHT": "",
			"SIZE": [
				2880.0,
				540.0
			]
		},
		{
			"LEFT": "65109",
			"NAME": "4floor0to0",
			"POSITION": [
				0.0,
				2160.0
			],
			"RIGHT": "80841",
			"SIZE": [
				960.0,
				540.0
			]
		}
	],
	"SKILL": [
		false,
		false,
		false,
		true,
		false,
		true,
		false,
		false,
		false,
		false,
		false,
		false
	]
}