{
	"CHUNKSIZE" : 
	[
		9,
		4
	],
	"NAME" : "ClothTuto",
	"OBJ" : 
	[
		"40470",
		"95731",
		"62113",
		"16136",
		"38518",
		"41930",
		"14236",
		"18119",
		"46576",
		"41701",
		"13501",
		"90174",
		"4016",
		"76303",
		"35237",
		"75600",
		"20537",
		"30219",
		"30745",
		"62516",
		"66300",
		"34179",
		"7994",
		"7994Target",
		"92689",
		"60781",
		"98769",
		"98769Target",
		"67262",
		"2918",
		"96623",
		"20936",
		"45847",
		"71521",
		"64790",
		"4780",
		"4780Target",
		"3298",
		"52430",
		"9293",
		"50033",
		"41508",
		"90238",
		"31161",
		"84593",
		"43052"
	],
	"ROOM" : 
	[
		{
			"LEFT" : "40470",
			"NAME" : "0floor0to0",
			"POSITION" : 
			[
				0.0,
				0.0
			],
			"RIGHT" : "75600",
			"SIZE" : 
			[
				960.0,
				540.0
			]
		},
		{
			"LEFT" : "62113",
			"NAME" : "2floor0to0",
			"POSITION" : 
			[
				0.0,
				1080.0
			],
			"RIGHT" : "76303",
			"SIZE" : 
			[
				960.0,
				540.0
			]
		},
		{
			"LEFT" : "41930",
			"NAME" : "3floor0to0",
			"POSITION" : 
			[
				0.0,
				1620.0
			],
			"RIGHT" : "35237",
			"SIZE" : 
			[
				960.0,
				540.0
			]
		},
		{
			"LEFT" : "75600",
			"NAME" : "0floor1to8",
			"POSITION" : 
			[
				960.0,
				0.0
			],
			"RIGHT" : "41701",
			"SIZE" : 
			[
				7680.0,
				540.0
			]
		},
		{
			"LEFT" : "90174",
			"NAME" : "1floor8to8",
			"POSITION" : 
			[
				7680.0,
				540.0
			],
			"RIGHT" : "46576",
			"SIZE" : 
			[
				960.0,
				540.0
			]
		},
		{
			"LEFT" : "14236",
			"NAME" : "1floor0to7",
			"POSITION" : 
			[
				0.0,
				540.0
			],
			"RIGHT" : "90174",
			"SIZE" : 
			[
				7680.0,
				540.0
			]
		},
		{
			"LEFT" : "76303",
			"NAME" : "2floor1to8",
			"POSITION" : 
			[
				960.0,
				1080.0
			],
			"RIGHT" : "13501",
			"SIZE" : 
			[
				7680.0,
				540.0
			]
		},
		{
			"LEFT" : "4016",
			"NAME" : "3floor8to8",
			"POSITION" : 
			[
				7680.0,
				1620.0
			],
			"RIGHT" : "18119",
			"SIZE" : 
			[
				960.0,
				540.0
			]
		},
		{
			"LEFT" : "35237",
			"NAME" : "3floor1to7",
			"POSITION" : 
			[
				960.0,
				1620.0
			],
			"RIGHT" : "4016",
			"SIZE" : 
			[
				6720.0,
				540.0
			]
		}
	],
	"SKILL" : 
	[
		false,
		false,
		false,
		false,
		false,
		false,
		false,
		false,
		false,
		false,
		false,
		false
	]
}