{
	"CHUNKSIZE": [
		5,
		3
	],
	"NAME": "Where am I1",
	"OBJ": [
		"1333",
		"66960",
		"23499",
		"32593",
		"95741",
		"95741Target",
		"21966",
		"69337",
		"50061",
		"37748",
		"21763",
		"59227",
		"62496",
		"54472",
		"47584",
		"22401",
		"70859",
		"16007",
		"2363",
		"58880",
		"56716",
		"3597",
		"45558",
		"78328",
		"28590",
		"8489",
		"48197",
		"48197Target",
		"47178",
		"53687",
		"93507",
		"18744"
	],
	"ROOM": [
		{
			"LEFT": "32593",
			"NAME": "0floor0to1",
			"POSITION": [
				0.0,
				0.0
			],
			"RIGHT": "70859",
			"SIZE": [
				1920.0,
				540.0
			]
		},
		{
			"LEFT": "70859",
			"NAME": "0floor2to3",
			"POSITION": [
				1920.0,
				0.0
			],
			"RIGHT": "16007",
			"SIZE": [
				1920.0,
				540.0
			]
		},
		{
			"LEFT": "16007",
			"NAME": "0floor4to4",
			"POSITION": [
				3840.0,
				0.0
			],
			"RIGHT": "1333",
			"SIZE": [
				960.0,
				540.0
			]
		},
		{
			"LEFT": "2363",
			"NAME": "1floor2to4",
			"POSITION": [
				1920.0,
				540.0
			],
			"RIGHT": "66960",
			"SIZE": [
				2880.0,
				540.0
			]
		},
		{
			"LEFT": "56716",
			"NAME": "2floor3to4",
			"POSITION": [
				2880.0,
				1080.0
			],
			"RIGHT": "23499",
			"SIZE": [
				1920.0,
				540.0
			]
		},
		{
			"LEFT": "59227",
			"NAME": "2floor0to0",
			"POSITION": [
				0.0,
				1080.0
			],
			"RIGHT": "58880",
			"SIZE": [
				960.0,
				540.0
			]
		},
		{
			"LEFT": "58880",
			"NAME": "2floor1to2",
			"POSITION": [
				960.0,
				1080.0
			],
			"RIGHT": "56716",
			"SIZE": [
				1920.0,
				540.0
			]
		},
		{
			"LEFT": "8489",
			"NAME": "1floor1to1",
			"POSITION": [
				960.0,
				540.0
			],
			"RIGHT": "",
			"SIZE": [
				960.0,
				540.0
			]
		},
		{
			"LEFT": "28590",
			"NAME": "1floor0to0",
			"POSITION": [
				0.0,
				540.0
			],
			"RIGHT": "8489",
			"SIZE": [
				960.0,
				540.0
			]
		}
	],
	"SKILL": [
		false,
		false,
		false,
		true,
		false,
		true,
		false,
		false,
		false,
		false,
		false,
		false
	]
}