{
	"CHUNKSIZE" : 
	[
		4,
		3
	],
	"NAME" : "flash",
	"OBJ" : 
	[
		"48353",
		"71716",
		"35188",
		"8968",
		"64989",
		"11076",
		"18295",
		"30556",
		"26922",
		"63015",
		"20335",
		"20335Target",
		"97291",
		"94508",
		"10635",
		"30968",
		"35712",
		"88359",
		"99608",
		"12837",
		"96074",
		"96074Target",
		"24483",
		"40091",
		"87986",
		"58832",
		"78548",
		"79004"
	],
	"ROOM" : 
	[
		{
			"LEFT" : "11076",
			"NAME" : "0floor0to0",
			"POSITION" : 
			[
				0.0,
				0.0
			],
			"RIGHT" : "18295",
			"SIZE" : 
			[
				960.0,
				540.0
			]
		},
		{
			"LEFT" : "18295",
			"NAME" : "0floor1to3",
			"POSITION" : 
			[
				960.0,
				0.0
			],
			"RIGHT" : "48353",
			"SIZE" : 
			[
				2880.0,
				540.0
			]
		},
		{
			"LEFT" : "30556",
			"NAME" : "1floor1to3",
			"POSITION" : 
			[
				960.0,
				540.0
			],
			"RIGHT" : "71716",
			"SIZE" : 
			[
				2880.0,
				540.0
			]
		},
		{
			"LEFT" : "64989",
			"NAME" : "1floor0to0",
			"POSITION" : 
			[
				0.0,
				540.0
			],
			"RIGHT" : "30556",
			"SIZE" : 
			[
				960.0,
				540.0
			]
		},
		{
			"LEFT" : "8968",
			"NAME" : "2floor0to1",
			"POSITION" : 
			[
				0.0,
				1080.0
			],
			"RIGHT" : "26922",
			"SIZE" : 
			[
				1920.0,
				540.0
			]
		},
		{
			"LEFT" : "26922",
			"NAME" : "2floor2to3",
			"POSITION" : 
			[
				1920.0,
				1080.0
			],
			"RIGHT" : "35188",
			"SIZE" : 
			[
				1920.0,
				540.0
			]
		}
	],
	"SKILL" : 
	[
		false,
		false,
		false,
		false,
		false,
		false,
		false,
		false,
		false,
		false,
		false,
		true
	]
}