{
	"CHUNKSIZE" : 
	[
		5,
		5
	],
	"NAME" : "Find the Outside2",
	"OBJ" : 
	[
		"47178",
		"55541",
		"2825",
		"66799",
		"24508",
		"8337",
		"8337Target",
		"31602",
		"99458",
		"44813",
		"72009",
		"76446",
		"78729",
		"78729Target",
		"48407",
		"56512",
		"56512Target",
		"44531",
		"51166",
		"43353",
		"10498",
		"D23",
		"D23Key",
		"56798",
		"54247",
		"25886",
		"52070",
		"52070Target",
		"54307",
		"26708",
		"42494",
		"92204",
		"92204Target",
		"79029",
		"58516",
		"37236",
		"18838",
		"4989",
		"4989Target",
		"82764",
		"76541",
		"42186",
		"81458",
		"18072",
		"58320",
		"76665",
		"63529",
		"91341",
		"84449",
		"4038"
	],
	"ROOM" : 
	[
		{
			"LEFT" : "47178",
			"NAME" : "0floor2to2",
			"POSITION" : 
			[
				1920.0,
				0.0
			],
			"RIGHT" : "55541",
			"SIZE" : 
			[
				960.0,
				540.0
			]
		},
		{
			"LEFT" : "66799",
			"NAME" : "0floor0to1",
			"POSITION" : 
			[
				0.0,
				0.0
			],
			"RIGHT" : "47178",
			"SIZE" : 
			[
				1920.0,
				540.0
			]
		},
		{
			"LEFT" : "55541",
			"NAME" : "0floor3to4",
			"POSITION" : 
			[
				2880.0,
				0.0
			],
			"RIGHT" : "2825",
			"SIZE" : 
			[
				1920.0,
				540.0
			]
		},
		{
			"LEFT" : "48407",
			"NAME" : "1floor2to3",
			"POSITION" : 
			[
				1920.0,
				540.0
			],
			"RIGHT" : "4038",
			"SIZE" : 
			[
				1920.0,
				540.0
			]
		},
		{
			"LEFT" : "44813",
			"NAME" : "1floor0to1",
			"POSITION" : 
			[
				0.0,
				540.0
			],
			"RIGHT" : "48407",
			"SIZE" : 
			[
				1920.0,
				540.0
			]
		},
		{
			"LEFT" : "D23",
			"NAME" : "2floor2to4",
			"POSITION" : 
			[
				1920.0,
				1080.0
			],
			"RIGHT" : "99458",
			"SIZE" : 
			[
				2880.0,
				540.0
			]
		},
		{
			"LEFT" : "54307",
			"NAME" : "2floor1to1",
			"POSITION" : 
			[
				960.0,
				1080.0
			],
			"RIGHT" : "",
			"SIZE" : 
			[
				960.0,
				540.0
			]
		},
		{
			"LEFT" : "26708",
			"NAME" : "3floor1to4",
			"POSITION" : 
			[
				960.0,
				1620.0
			],
			"RIGHT" : "42494",
			"SIZE" : 
			[
				3840.0,
				540.0
			]
		},
		{
			"LEFT" : "81458",
			"NAME" : "4floor4to4",
			"POSITION" : 
			[
				3840.0,
				2160.0
			],
			"RIGHT" : "42186",
			"SIZE" : 
			[
				960.0,
				540.0
			]
		},
		{
			"LEFT" : "58320",
			"NAME" : "4floor0to3",
			"POSITION" : 
			[
				0.0,
				2160.0
			],
			"RIGHT" : "",
			"SIZE" : 
			[
				3840.0,
				540.0
			]
		}
	],
	"SKILL" : 
	[
		false,
		false,
		false,
		false,
		false,
		false,
		false,
		false,
		true,
		false,
		false,
		false
	]
}